"","Species","Site","Assessment","	Year","Method","SampleSize","Value","LowerCI","UpperCI","SD","Metric","Flag"
"1","Doctorfish","All","LBAR",2016,"LBAR",217,"1.37698712711765",1.11381213716364,1.71636349871548,0.13412575764379,"FvM","None"
"2","Queen triggerfish","All","LBAR",2016,"LBAR",218,"0.165249107986618",-0.0681188653800611,0.457368025195487,0.117245010635667,"FvM","None"
"3","Red hind","All","LBAR",2016,"LBAR",389,"2.38929555087693",1.90656231932097,3.00954903016858,0.252194473758555,"FvM","None"
"4","Squirrelfish","All","LBAR",2016,"LBAR",180,"7.15895927044603",6.050239772296,8.58054072272226,0.578998844455289,"FvM","None"
"5","Blue tang","All","LBAR",2016,"LBAR",1583,"1.71304136993448",1.37105848656105,2.05777737376904,0.147476349717264,"FvM","None"
"6","Silk Snapper","All","LBAR",2016,"LBAR",278,"1.33159418013556",0.969672261452401,1.73640232867724,0.166348214541677,"FvM","None"
