"","Species","Site","Assessment","	Year","Method","SampleSize","Value","LowerCI","UpperCI","SD","Metric","Flag"
"1","Doctorfish","All","LBAR",2016,"LBAR",217,"1.37698712711765",1.14365628458943,1.6969898054447,0.124860371603626,"FvM","None"
"2","Blue tang","All","LBAR",2016,"LBAR",1583,"1.71304136993448",-0.257081803791219,2.00338100697136,0.882139276599275,"FvM","None"
"3","Queen triggerfish","All","LBAR",2016,"LBAR",218,"-0.650425185920022",-0.71369909831631,-0.344198353842748,0.0749597554579325,"FvM","LBAR Failed, Estimated Z too low"
"4","Squirrelfish","All","LBAR",2016,"LBAR",180,"4.81953751733982",4.37921359652491,12.5908285118668,2.11179987460511,"FvM","None"
"5","Red hind","All","LBAR",2016,"LBAR",389,"2.19780458953198",1.43839258576881,2.93667339612757,0.358192904795928,"FvM","None"
"6","silk Snapper","All","LBAR",2016,"LBAR",278,"1.33159418013556",1.01082608988795,1.65137568792133,0.137358249513294,"FvM","None"
