"","Species","Site","Assessment","	Year","Method","SampleSize","Value","LowerCI","UpperCI","SD","Metric","Flag"
"1","Doctorfish","All","LBAR",2016,"LBAR",110,"2.06301256259626",1.48399432199883,2.93219768213685,0.313784111982872,"FvM","None"
"2","Queen triggerfish","All","LBAR",2016,"LBAR",200,"0.492745967281035",0.197463827627811,0.894304743002351,0.143869648104789,"FvM","None"
"3","Red hind","All","LBAR",2016,"LBAR",365,"2.72638916170452",2.2472670297212,3.30338038227431,0.240781053081167,"FvM","None"
"4","Squirrelfish","All","LBAR",2016,"LBAR",134,"9.40070149941398",7.68265550252858,11.7258856168423,0.868896381094846,"FvM","None"
"5","Blue tang","All","LBAR",2016,"LBAR",215,"7.19713585084016",5.28094193716792,9.75359566891892,0.997637457239037,"FvM","None"
"6","Silk Snapper","All","LBAR",2016,"LBAR",278,"1.33159418013556",1.01786011258012,1.74454209830625,0.165951170071256,"FvM","None"
