"","Species","Site","Assessment","	Year","Method","SampleSize","Value","LowerCI","UpperCI","SD","Metric","Flag"
"1","Doctorfish","All","LBAR",2016,"LBAR",217,"1.37698712711765",1.10602769235677,1.70653638391292,0.130025251792143,"FvM","None"
"2","Queen triggerfish","All","LBAR",2016,"LBAR",218,"0.485845077458443",0.203504648129052,0.833411844507465,0.139371205332624,"FvM","None"
"3","Red hind","All","LBAR",2016,"LBAR",389,"2.41292093456981",1.90122821396546,3.01533999319512,0.252079372291332,"FvM","None"
"4","Squirrelfish","All","LBAR",2016,"LBAR",180,"7.15895927044603",5.97435900469628,8.68871491257621,0.598087620671484,"FvM","None"
"5","Blue tang","All","LBAR",2016,"LBAR",1583,"1.71255932553767",1.39905859076103,2.05460986466445,0.144497455130514,"FvM","None"
