"","Species","Site","Assessment","	Year","Method","SampleSize","Value","LowerCI","UpperCI","SD","Metric","Flag"
"1","Doctorfish","All","LBAR",2016,"LBAR",110,"2.06301256259626",1.49475532694908,2.9140416488497,0.306772682098361,"FvM","None"
"2","Queen triggerfish","All","LBAR",2016,"LBAR",200,"0.492745967281035",0.195207017035141,0.887811947759947,0.152506199777813,"FvM","None"
"3","Red hind","All","LBAR",2016,"LBAR",365,"2.72638916170452",2.25356659162962,3.41781261148532,0.253703997698425,"FvM","None"
"4","Squirrelfish","All","LBAR",2016,"LBAR",134,"9.40070149941398",7.76361152263603,11.742829516692,0.862833890999647,"FvM","None"
"5","Blue tang","All","LBAR",2016,"LBAR",215,"7.19713585084016",5.33065212195175,9.81725109297473,0.976263086915359,"FvM","None"
